First,Last
Seyed,Sohrab
Ana,Esther
Khaled,Ziauddin
Saeid,Mehdi
Ronen,Judith
Richard,Judith
Douda,Stephen
Chayanika,Sharon
Marie,Daniel
Sylvain,Christophe
Sascha,Bernhard
Sean,Gregory
Geraldine,Christina
Seung,Jong Hee
Laia,Toni
Kuo-Wei,Shu-Ying 
Toni,German
Elora,Deborah
Marie,Franc ̧oise
Dorothée,Marie-Elisabeth
Andrew,Andrew
Andrew,David
Alexander,KennethH
Julia,Richard
Julia,Richard
Adeline,Melanie
Anja,Judith
Anja,Judith
Anja,Georgina
Anja,Peter
Anja,Scott
Christopher,Aviv
Toni,Toni
Alice,Meleah
Alice,Judith
Yan-Bing,Ze-Bin
Joseph,Tim
Meleah,Judith
Matthew,Richard
Matthew,Richard
Xin, Ying-Chun
Lvyin,Min
Johanna,Oliver
Laszlo,Wieland 
Mette,Frank
Ted,Stewart 
Farzad,Mahboubeh
Ulrike,Joerg
Chi-Yang,Shu-Ying
Shawn,David
Coralie,Frédéric
Anja,Ilse
Donna,Frank
Marcello,Maria
Brenda,David
Karina,Arnaldo
Verónica,Toni
José,Christina
Marina,Juan
Sourour,Ali
Corinne,Geraldine
Frank,Frank
Frank,Christophe
Dana,Christopher
Jeanne,Christophe
Paula,Celia
Markus,Geraldine
Fabio,Orazio
Fabio,Orazio
Diamantis,Phillip
Anna,Judith
Jong Hee,Dong
Edward,June
Emilie,Marie-Elisabeth
Arianna,Frank
Arianna,Frank
John,Christopher
Robert,anna
John,Anjali
John,Rachel
Gloria,Norman
Jane,Jane
Joshua,Matt
Jin-Yan,Jianping
Jin-Yan,Jianping
Kefei,Min
Wei,David
Yuan,Ying
Jinping,Thomas
Yun-Liang,Hsiu-Jung